王者荣耀韩国官方赛事,252万
苏梓夏夏,219万
西瓜太浪xx,32.3万
雪莉人呢,22.4万
yyfyyf,217万
王者荣耀官方赛事,213万
东北大鹌鹑,178万
伍声2009,170万
彡彡九户外,157万
纯白,156万
寅子,132万
三笠ackerman丶1,114万
阿冷aleng丶,91.5万
气人主播QQQ,86.1万
斗鱼绝地赛事,81万
女流66,77.5万
不2不叫周淑怡,75.1万
超级小桀,71.2万
imbadota2频道,70.7万
隔壁家的小妹妹,68.9万
有痕er,65.6万
47号Gamer,63.2万
白白白白白3,61.6万
yjjimpaopao,61.3万
英雄联盟官方赛事,60.1万
一条小团团OvO,56万
主播阿飞,55.3万
谢彬DD,43.8万
四川雨泽户外,43.5万
斗鱼浪子彦,42.7万
abcdMouse,41.4万
A老回,40.1万
叶知秋Vanessa,40万
BoA丶月月,38.8万
解说风筝,38.8万
深山大咖,38.7万
辛巴imb丶丶,37.7万
淳色,37万
eStar丶教父,35.5万
异灵术老师,35.4万
雨昕丶,33.4万
言小七i,33.1万
方歌儿儿儿,32.3万
eStarPro诺言,32万
大龙猫,31.6万
DSL斗鱼超级联赛官方,31.5万
斗鱼KPL荣耀战场,31.4万
王者荣耀官方赛事3,31.1万
DNF亡誓,30.9万
黄金大奖赛,30.6万
誓言丨新游手游领导者,30.4万
神秘嘉宾澄纸,28.7万
820邹倚天,28.7万
科技美学中国,28.4万
我是骚某某,28万
清歌与世无争,28万
懒癌丶小寒月,27.4万
赏金术士2018,26.9万
只有十五岁的涛妹,26.2万
智商为九,25.5万
像枫,25.1万
小主播羽大炮,24.7万
imbadota2频道2,24.7万
广州日报,24.3万
OMG笑容,23.4万
污妖王丶沈小蔓,23.3万
Poker丶小旺,23.3万
天然呆老湿,22.6万
单车老师不迟到,22.3万
二胖二胖王二胖,21.7万
PP阳,21万
小儿郎丶丶,20.8万
晓松哥,20.5万
阿聪R,20.2万
sViper潇洒,20.1万
ForeverTED,19.9万
进击的神乐,19.6万
DNF枪魂冰子,19.4万
进击の神乐,19.2万
sViper丶阿灿,19万
爷大干,18.9万
主播温州炮哥,18.6万
狗康Bfate丶,18.3万
傲少丶,18万
一h阿,18万
仙凡哥哥丶,17.6万
老乡开下门,17.2万
天赐解说R,17.1万
1K黄辉冯,16.8万
走黯,16.8万
As童话话话,16.4万
渝万丶浮生,16.3万
英雄联盟官方赛事二,16.3万
穿越火线运营团队,16.1万
伊娃大姐姐,16.1万
声优赵猥琐,15.8万
叶子户外,15.8万
狂仔酷炫,15.7万
JDG丶Xiaohan,15.5万
小米粥OvO,15.3万
豆豆丶Thomas,15.3万
落叶听松,15.1万
主播秋山呜,15万
我是YF宝宝阿,14.7万
熊jolababy,14.4万
s1134,14.2万
陈翔六点半,14.1万
骑士丶宁波小骚骚,14万
凌云8,13.8万
逍遥小诸葛丶,13.8万
T1丶勤劳的小亮,13.8万
大枪炮狗,13.7万
毕竟是柚子,13.5万
蛋蛋解说丶,13.3万
你的珂珂宝,13.2万
小妈的安妮妮丶,13.1万
蜜茶Aimee,13.1万
衣锦夜行,13万
Jue美娘,13万
沐戮,13万
王者荣耀韩国官方赛事,252万
苏梓夏夏,219万
西瓜太浪xx,32.3万
雪莉人呢,22.4万
yyfyyf,217万
王者荣耀官方赛事,213万
东北大鹌鹑,178万
伍声2009,170万
彡彡九户外,157万
纯白,156万
寅子,132万
三笠ackerman丶1,114万
阿冷aleng丶,91.5万
气人主播QQQ,86.1万
斗鱼绝地赛事,81万
女流66,77.5万
不2不叫周淑怡,75.1万
超级小桀,71.2万
imbadota2频道,70.7万
隔壁家的小妹妹,68.9万
有痕er,65.6万
47号Gamer,63.2万
白白白白白3,61.6万
yjjimpaopao,61.3万
英雄联盟官方赛事,60.1万
一条小团团OvO,56万
主播阿飞,55.3万
谢彬DD,43.8万
四川雨泽户外,43.5万
斗鱼浪子彦,42.7万
abcdMouse,41.4万
A老回,40.1万
叶知秋Vanessa,40万
BoA丶月月,38.8万
解说风筝,38.8万
深山大咖,38.7万
辛巴imb丶丶,37.7万
淳色,37万
eStar丶教父,35.5万
异灵术老师,35.4万
雨昕丶,33.4万
言小七i,33.1万
方歌儿儿儿,32.3万
eStarPro诺言,32万
大龙猫,31.6万
DSL斗鱼超级联赛官方,31.5万
斗鱼KPL荣耀战场,31.4万
王者荣耀官方赛事3,31.1万
DNF亡誓,30.9万
黄金大奖赛,30.6万
誓言丨新游手游领导者,30.4万
神秘嘉宾澄纸,28.7万
820邹倚天,28.7万
科技美学中国,28.4万
我是骚某某,28万
清歌与世无争,28万
懒癌丶小寒月,27.4万
赏金术士2018,26.9万
只有十五岁的涛妹,26.2万
智商为九,25.5万
像枫,25.1万
小主播羽大炮,24.7万
imbadota2频道2,24.7万
广州日报,24.3万
OMG笑容,23.4万
污妖王丶沈小蔓,23.3万
Poker丶小旺,23.3万
天然呆老湿,22.6万
单车老师不迟到,22.3万
二胖二胖王二胖,21.7万
PP阳,21万
小儿郎丶丶,20.8万
晓松哥,20.5万
阿聪R,20.2万
sViper潇洒,20.1万
ForeverTED,19.9万
进击的神乐,19.6万
DNF枪魂冰子,19.4万
进击の神乐,19.2万
sViper丶阿灿,19万
爷大干,18.9万
主播温州炮哥,18.6万
狗康Bfate丶,18.3万
傲少丶,18万
一h阿,18万
仙凡哥哥丶,17.6万
老乡开下门,17.2万
天赐解说R,17.1万
1K黄辉冯,16.8万
走黯,16.8万
As童话话话,16.4万
渝万丶浮生,16.3万
英雄联盟官方赛事二,16.3万
穿越火线运营团队,16.1万
伊娃大姐姐,16.1万
声优赵猥琐,15.8万
叶子户外,15.8万
狂仔酷炫,15.7万
JDG丶Xiaohan,15.5万
小米粥OvO,15.3万
豆豆丶Thomas,15.3万
落叶听松,15.1万
主播秋山呜,15万
我是YF宝宝阿,14.7万
熊jolababy,14.4万
s1134,14.2万
陈翔六点半,14.1万
骑士丶宁波小骚骚,14万
凌云8,13.8万
逍遥小诸葛丶,13.8万
T1丶勤劳的小亮,13.8万
大枪炮狗,13.7万
毕竟是柚子,13.5万
蛋蛋解说丶,13.3万
你的珂珂宝,13.2万
小妈的安妮妮丶,13.1万
蜜茶Aimee,13.1万
衣锦夜行,13万
Jue美娘,13万
沐戮,13万
心机老师,12.8万
阿凯不才,12.5万
爱吃鱼的石原,12.5万
dy韩老实,12.5万
乔公举,12.4万
狮子大魔王丶,12.3万
林熙Lxxi,12.3万
Misa喵老师,12.1万
凌云8,11.9万
逍遥小诸葛丶,11.8万
Le大帅,11.8万
老皮历险记,11.7万
Biu十月113,11.7万
皇玺丶Jony乔尼,11.6万
UnaDirezione,11.6万
loveyou_qq,11.5万
魔音糯米,11.3万
亦涵阿,11.1万
苏打锋,11万
屿鹿你好阿,10.8万
我叫朱小贱,10.8万
李瑞汐七哥,10.8万
川味箩卜,10.7万
若悠悠de二哥,10.7万
胖胖C,10.6万
吃米滴虫,10.3万
酸酸酸奶君,10.3万
路人王Asuka,10.2万
阿Biu一身绝技,10.2万
东魔面带微笑,10.1万
瓜皮蛙蛙,10.1万
小棒棒W,10.1万
令哥jjc,10.1万
Dota小蝴蝶,10万
主播阿郎,9.6万
凌云灬,9.6万
我是264,9.5万
viko酱丶,9.5万
YZDY七月,9.5万
主播盒子,9.4万
MdyPpy,9.4万
钟小傲,9.4万
不许装睡了,9.4万
AMa0丶啊毛,9.3万
吴山人R,9.3万
稳擞,9.2万
肉丝叔叔,9.1万
十三三三,9万
千寻小学妹,9万
画饼李,8.9万
Lifeiwnl,8.8万
白白的胖胖呀,8.7万
无月DSB丶,8.7万
皇玺丶瑞文,8.7万
Flygogogogo,8.6万
一只很皮的大七,8.6万
小圈子丶呆宝丫,8.6万
王者上演,8.6万
疯子的峰哥,8.4万
渝万丶狗哥,8.4万
我是大蛤蟆阿,8.3万
冷冷137570,8.2万
白鲨大娇娇,8.2万
Carol又青,8.2万
DG冬瓜,8万
你的李想啊,8万
小九安安,7.9万
渝万轩,7.9万
跨三A老顽童嘤嘤叔,7.9万
柄柄c丶,7.9万
天涯ty丶,7.9万
LYG丶yyxovo,7.8万
轲神丶三土,7.8万
修仙的小迪,7.8万
全能王拉哥300401,7.8万
琦玉琦玉丶,7.7万
惊蜇,7.6万
KG王欣,7.5万
SY一伊伊,7.5万
雅典娜哥特,7.4万
HXdesire,7.4万
绝地辣妹兔兔,7.4万
VTA丶末,7.4万
烟祭N1ce,7.4万
荣耀洋洋,7.3万
主任5748,7.3万
微甜吖,7.3万
KG羊羊,7.3万
小北熙ya,7.3万
山东蓝翔技工学院,7.3万
午夜锦年,7.2万
MQ丶FORGEN,7.2万
MQ97zZ,7.2万
坚强丶贵族,7.2万
MQ威,7.2万
无与伦比的菜刀,7.2万
白鲨王振,7.2万
MQ阿雨,7.2万
良辰打野贼6丶,7.2万
黑洲非人2019,7.2万
LYG丶TuDouBoss,7.1万
千年君临天下,7.1万
唐唐Libra,7.1万
王纪超666,7.1万
黎三三岁,7.1万
万剑一鸽鸽,7.1万
安全套不套,7万
BN丶严斌,7万
Amiu千亿儿,7万
木神刂,6.9万
血色大极品,6.9万
小雅妹妹m,6.9万
手拿屠龙砍大刀,6.9万
涂鸦酱Q,6.9万
神探K,6.8万
小胖江,6.7万
进口奔驰,6.6万
DNF表哥,6.6万
谁一个强者,6.6万
一坨柠檬酱,6.5万
欢欢女神,4.7万
霖疯er,4.7万
我的名字叫碎,4.7万
DY唔系小猪,4.7万
污妖王丶魏魏,4.7万
菟菟萌酱,4.7万
Toro小狐狸,4.7万
W小姨妈,4.6万
烽火吖,4.6万
i音同学,4.6万
白常在丶,4.6万
街健达人丶呆木头,4.6万
户外闯王,4.6万
九儿就是道理,4.5万
Dy钢枪王,4.5万
闪镜侠汉宫Dyao,4.5万
川娱丶奋斗,4.5万
铁头六哥,4.5万
渝万丶如歌,4.5万
菁菁Krystal,4.4万
酷炫小剧场,4.4万
湘哥户外,4.4万
白鲨兮默,4.4万
地瓜小弟,4.4万
GS丶阿颜小魔王,4.3万
小熊和你,4.3万
雷伊伊瓜小皮,4.3万
吃喝玩乐的帅冰,4.3万
鹿鹿妹妹呐,4.3万
渝万丶小钢蹦,4.3万
映月儿okurrr,4.3万
海绵神了,4.3万
夏小倩Cherr,4.2万
创DMoD工作室,4.2万
熙宝,4.2万
大帝LioN,4.2万
是桑桑桑呀,4.2万
MQ丶二爷,4.2万
dy喜之狼,4.2万
一颗小酒,4.2万
上海大明海,4.2万
七七小脑斧,4.2万
一鸣x,4.2万
苏苏SJG,4.1万
你的美兮呀,4.1万
又沫,4.1万
风中追风Fzz1,4.1万
北京九鼎海盗装机店,4.1万
98菟,4.1万
超哥户外打野,4.1万
小米饭cc,4.1万
电竞信白丶,4.1万
主播海涛,4.1万
阿沫baby,4.1万
叶雪c,4.1万
是徐长风ye,4.1万
Golden绝不轻易狗带丶,4万
真的很博通,4万
黄黄黄黄黄黄鹤楼,4万
薛洁洁Zz,4万
721017522,4万
林芊又丶,4万
久游丶死神,4万
NO丶1思言,3.9万
My弟灬,3.9万
狼腾男银,3.9万
骚普,3.9万
Dy百砍,3.9万
老猫CatGames,3.9万
混不吝hunzi,3.9万
Tea丹尼尔,3.9万
8玖June,3.9万
Ruanmei万岁,3.9万
莹莹丶女主播,3.9万
渝万丶野肆,3.9万
恶魔神,3.9万
春卷大师,3.9万
E十林点一,3.9万
诸葛神侯关门弟子帝烨,3.8万
沈阳浩天科技装机,3.8万
星予丶阿Sir,3.8万
感觉无双,3.8万
萌新瞬晓天,3.8万
蜜蜜姐i,3.8万
靠脸吃饭的冷狗,3.8万
汉宫小琦,3.7万
小卟点丶阿,3.7万
丶OK东,3.7万
BN丶崔金,3.7万
超超酱i,3.7万
天生我最美,3.7万
花儿Ariel,3.7万
汉宫小离,3.7万
Yo可可Yo,3.7万
蘑菇专杀快递报点狗,3.6万
正义的左左酱,3.6万
汐妖丶,3.6万
白鲨文文,3.6万
彬哥哥丶丶,3.6万
太原马超丶,3.6万
大浪比金馆长,3.6万
你的球球呀啊,3.6万
久伴一霎,3.6万
天下第一吼,3.6万
媛媛酱y,3.6万
迷人的卿姐姐i,3.6万
AgFox小丑,3.6万
太子丹宝宝,3.6万
汉宫sunny,3.6万
Xy是个弟弟,3.6万
点宝呀,3.6万
情感导师王富贵,3.6万
兔子的口七,3.6万
Small小四178,3.6万
SH内斯塔,3.5万
MiZi1114,3.5万
皇玺丶仙丹,3.5万
讲究的外卖小哥,3.5万
渝万丶柠檬妞,3.5万
是隔壁老杨呀,3.5万
欢欢女神,4.7万
霖疯er,4.7万
我的名字叫碎,4.7万
DY唔系小猪,4.7万
污妖王丶魏魏,4.7万
菟菟萌酱,4.7万
Toro小狐狸,4.7万
W小姨妈,4.6万
烽火吖,4.6万
i音同学,4.6万
白常在丶,4.6万
街健达人丶呆木头,4.6万
户外闯王,4.6万
九儿就是道理,4.5万
Dy钢枪王,4.5万
闪镜侠汉宫Dyao,4.5万
川娱丶奋斗,4.5万
铁头六哥,4.5万
渝万丶如歌,4.5万
菁菁Krystal,4.4万
酷炫小剧场,4.4万
湘哥户外,4.4万
白鲨兮默,4.4万
地瓜小弟,4.4万
GS丶阿颜小魔王,4.3万
小熊和你,4.3万
雷伊伊瓜小皮,4.3万
吃喝玩乐的帅冰,4.3万
鹿鹿妹妹呐,4.3万
渝万丶小钢蹦,4.3万
映月儿okurrr,4.3万
海绵神了,4.3万
夏小倩Cherr,4.2万
创DMoD工作室,4.2万
熙宝,4.2万
大帝LioN,4.2万
是桑桑桑呀,4.2万
MQ丶二爷,4.2万
dy喜之狼,4.2万
一颗小酒,4.2万
上海大明海,4.2万
七七小脑斧,4.2万
一鸣x,4.2万
苏苏SJG,4.1万
你的美兮呀,4.1万
又沫,4.1万
风中追风Fzz1,4.1万
北京九鼎海盗装机店,4.1万
98菟,4.1万
超哥户外打野,4.1万
小米饭cc,4.1万
电竞信白丶,4.1万
主播海涛,4.1万
阿沫baby,4.1万
叶雪c,4.1万
是徐长风ye,4.1万
Golden绝不轻易狗带丶,4万
真的很博通,4万
黄黄黄黄黄黄鹤楼,4万
薛洁洁Zz,4万
721017522,4万
林芊又丶,4万
久游丶死神,4万
NO丶1思言,3.9万
My弟灬,3.9万
狼腾男银,3.9万
骚普,3.9万
Dy百砍,3.9万
老猫CatGames,3.9万
混不吝hunzi,3.9万
Tea丹尼尔,3.9万
8玖June,3.9万
Ruanmei万岁,3.9万
莹莹丶女主播,3.9万
渝万丶野肆,3.9万
恶魔神,3.9万
春卷大师,3.9万
E十林点一,3.9万
诸葛神侯关门弟子帝烨,3.8万
沈阳浩天科技装机,3.8万
星予丶阿Sir,3.8万
感觉无双,3.8万
萌新瞬晓天,3.8万
蜜蜜姐i,3.8万
靠脸吃饭的冷狗,3.8万
汉宫小琦,3.7万
小卟点丶阿,3.7万
丶OK东,3.7万
BN丶崔金,3.7万
超超酱i,3.7万
天生我最美,3.7万
花儿Ariel,3.7万
汉宫小离,3.7万
Yo可可Yo,3.7万
蘑菇专杀快递报点狗,3.6万
正义的左左酱,3.6万
汐妖丶,3.6万
白鲨文文,3.6万
彬哥哥丶丶,3.6万
太原马超丶,3.6万
大浪比金馆长,3.6万
你的球球呀啊,3.6万
久伴一霎,3.6万
天下第一吼,3.6万
媛媛酱y,3.6万
迷人的卿姐姐i,3.6万
AgFox小丑,3.6万
太子丹宝宝,3.6万
汉宫sunny,3.6万
Xy是个弟弟,3.6万
点宝呀,3.6万
情感导师王富贵,3.6万
兔子的口七,3.6万
Small小四178,3.6万
SH内斯塔,3.5万
MiZi1114,3.5万
皇玺丶仙丹,3.5万
讲究的外卖小哥,3.5万
渝万丶柠檬妞,3.5万
是隔壁老杨呀,3.5万
激灵的大宝,3.5万
黑卡heika,3.5万
诗俞,3.5万
T1丶我叫十一,3.5万
汉宫帅枫,3.5万
琉璃不相思,3.5万
汉宫余阿姜,3.5万
比齐山庄,3.5万
念念是个锤锤,3.4万
华北丶叶神,3.4万
苏苏沐染,3.4万
VG丶Ksy,3.4万
a逢川,3.4万
骚皮峰,3.4万
奶油冰块,3.4万
316022右手徐太浪OVO,3.4万
贝贝ov,3.4万
36M小小依,3.4万
圈圈蜀黍,3.4万
草帽团路飞c,3.4万
逆天的SYY灬,3.4万
苏扬扬扬扬,3.4万
文舞的晴天啊,3.4万
得意的diu,3.4万
李雨潼,3.4万
川娱丶师妹,3.4万
九剑ca,3.4万
白鲨baby,3.4万
狼腾莫小韩,3.4万
白鲨兴仔,3.4万
逍遥丶酒廊男枪,3.4万
高翔XiangBro,3.3万
夏又zzzzz,3.3万
娜姐的男神,3.3万
枝枝酱嘤嘤嘤QAQ,3.3万
白鲨威威,3.3万
萝卜丶fps,3.3万
MVP小叔叔,3.3万
MDY细傻,3.3万
一只hk,3.3万
娱乐主播乐乐,3.3万
润棋CC,3.3万
OLd丶FiFteeN,3.3万
小舒君八块腹肌,3.3万
元气满满Balala,3.3万
婧婧小可爱呀,3.3万
MDY嗜月,3.3万
喵呜呜丶,3.3万
VG战神路易嘶,3.3万
渝万丶萌韵,3.3万
国民老公深情m,3.3万
白鲨米荤,3.3万
TripleA天秀,3.2万
依旧摇光,3.2万
白鲨漫步,3.2万
男银大圣,3.2万
o北京老王o,3.2万
璀璨星辰弈,3.2万
翼风110,3.2万
全职pk惜别,3.2万
大艺术嘉carrie,3.2万
Skr丶双响炮,3.2万
A神丶Ares,3.2万
LUX梧桐细雨,3.1万
热心网友舒克,3.1万
鲭宝儿,3.1万
水心水心儿,3.1万
可爱多的多zZ,3.1万
申佳嘉,3.1万
老兵丶绝不OB,3.1万
a睨,3.1万
社会你彤哥丶,3.1万
Hz丶盒子3Hyc,3.1万
添财慧,3.1万
白鲨小语儿,3.1万
白鲨left,3.1万
斗~丶小可,3.1万
眠音姑娘丶喵粮,3.1万
阿然妹妹呀,3.1万
Tensi,3.1万
dota少男旭,3万
橙妹summer,3万
pe老骚,3万
熊宝QaQ,3万
Biu小剑,3万
WPL狼人杀官方赛事,3万
Alin丶X,3万
石乐志Q7,3万
Abby林玲,3万
好哇噻D喵柒柒,3万
流星11221,3万
Prince灬尜,3万
卟能h的秘密,3万
朱子曰啊,3万
摩羯座的ddv,3万
PE歌x,2.9万
Camille曼云,2.9万
爱吃肉的伴友君,2.9万
这个人就是一剑,2.9万
乔大狗理性消费,2.9万
渝万丶不鸽的渡劫君,2.9万
PeanutHulllll,2.9万
像一颗小草小草小草,2.9万
小环奈,2.9万
Yw丶柠檬,2.9万
ZZzzz杰仔呀,2.9万
OreofAshley,2.9万
garigari,2.9万
解说TH,2.9万
暴躁妮儿,2.9万
Grace小星星,2.9万
天空OX,2.9万
是零度喔,2.9万
L征,2.9万
肥尸,2.9万
Mini晴秀秀R,2.9万
安阳盈科,2.9万
星辰StarSta,2.9万
安柒丶wu,2.9万
大唐雷音寺,2.8万
江山丶商纣王,2.8万
烈焰之城丶品牌大服,2.8万
暴躁妮儿,2.8万
王蓝莓丶,2.8万
冷暖迷妹千千万,2.8万
超神般杀戮丶,2.8万
宁酒儿,2.8万
污妖王丶啊然,2.8万
耳语小姐姐,2.8万
主播苏苏i,2.8万
丶戈戈丶,2.7万
你的蓉儿呀,2.7万
泫漓,2.7万
心寄乔乔,2.7万
蛋卷小朋友,2.7万
只会喊666的火火,2.7万
|星侃爷,2.7万
New南陵花神丶,2.7万
何千柔,2.7万
扬子爱生活,2.7万
是不晚呀,2.7万
嗷德普丶,2.7万
渝万丶咪兔,2.7万
丶匆匆那年mmmm,2.7万
Carry熙熙熙,2.7万
Lee锐GG,2.7万
捡骨头的小姑娘,2.7万
三百斤的胖Ty,2.7万
我的毛会发光,2.7万
哥沙巴克城主,2.6万
叫我洋气的赵梦露,2.6万
延边龙少,2.6万
俺村俺最俊哦,2.6万
川娱丶宝宝熊,2.6万
污妖王丶野父,2.6万
徒步老冯,2.6万
三神救救我阿,2.6万
imba绝地求生频道2,2.6万
水心水心儿,2.6万
流星11221,2.6万
甜心一泽,2.6万
TLG丶恒哥,2.6万
网易第五人格,2.6万
渝万李时珍,2.6万
唯我落日,2.6万
80星王合击散人服,2.6万
文骚洋,2.6万
钢牙同学,2.6万
笔落三千梦,2.6万
渝万丶优秀,2.6万
MQ丶麦霸三界,2.6万
若烟Ssx,2.6万
素泡面,2.6万
刘剑锋Isy,2.6万
渝万丶笙笙幔,2.6万
MacGee丶麦吉,2.5万
D7G升子,2.5万
East东东1,2.5万
所有人都在装,2.5万
渝万丶浩阳,2.5万
lx虾米,2.5万
刘三水水水,2.5万
大迷糊小星星,2.5万
MrBB大波,2.5万
中憬珠宝569349,2.5万
阿晚QAQ,2.5万
乔小雅,2.5万
八神梦魇丶,2.5万
渝万丶百星漠然,2.5万
固执yy,2.5万
淄博创酷陈大少,2.5万
小伍OvO,2.5万
你的菲宝吖,2.5万
大大大大大仙呐,2.5万
77陈小柒,2.5万
无敌男枪张学友,2.5万
兄弟盟丶盟主,2.5万
T碧海蓝天,2.5万
渝万丶尼古拉斯,2.5万
风悦丶零法,2.5万
小鲤鱼儿吧,2.5万
逍遥丶漪漪超甜,2.5万
菟z1丶,2.4万
沉默星球丶梁一,2.4万
程繁繁Faerie,2.4万
陛哥丶,2.4万
思如遥望,2.4万
优米mm丶,2.4万
Mr丶鸟人,2.4万
小百年呀,2.4万
我是小七七,2.4万
惊蛰呢,2.4万
狂拽酷炫,2.4万
layman李金坤,2.4万
渝万丶仙女瞳,2.4万
我是路北北,2.4万
像最初卡莎QAQ,2.4万
人生教练张家伟,2.4万
小t诺子Mino,2.4万
久了旧知,2.4万
教主真牛比,2.4万
聪明机智李狗蛋,2.4万
柒伟翼,2.4万
唯独有你在,2.4万
黄小骚ztm,2.4万
星予丶老战,2.4万
内蒙古老妈妈,2.4万
Alan870806,2.4万
缪缪安,2.4万
新疆戈宝,2.4万
DY丶皮皮炸,2.4万
麻瓜王耀,2.4万
情商低下芯芯崽,2.3万
信森吖,2.3万
佳佳00布鲁根,2.3万
Nickydad,2.3万
中憬翡翠文化传扬,2.3万
初音未来无敌帅,2.3万
云樱花颜金步摇S,2.3万
果果不是水果,2.3万
渝万丶冰神,2.3万
喵喵小乔,2.3万
伢伢是个狠人,2.3万
白素贞y,2.3万
一见呀,2.3万
湖北之声,2.3万
胖咪嘿咻嘿,2.3万
职业选手绿茶,2.3万
神卡丶,2.3万
依韵的第一封情书,2.3万
许文强户外,2.3万
Zz仔仔呐,2.3万
格锐GARY凸凹,2.3万
满楼水平丶,2.3万
卫叔叔丶,2.3万
虾米户外,2.3万
恋风贼骚气,2.3万
BabyFace沈亦,2.3万
污妖王丶墨初,2.3万
斗丶鱼三贱客,2.3万
晓浩的游戏世界,2.3万
EL飞哥,2.3万
唐倾卿icebear,2.2万
80it电脑网,2.2万
三哥海鲜,2.2万
音以结弦,2.2万
一只崔崔,2.2万
傲娇菜,2.2万
梓银MasterZy,2.2万
七沫丶Baby,2.2万
X宝宝丶,2.2万
QQ飞车手游官方直播间,2.2万
汉宫樱词,2.2万
不皮的皮皮爽,2.2万
渝万月亮,2.2万
大连哥俩刺身,2.2万
初壹大魔王,2.2万
Dy灬凯哥,2.2万
樱花月独步天下,2.2万
爱唱歌的鬼鬼吖,2.2万
3Hyc丶牛吃草,2.2万
MQ丶聪全蛋,2.2万
懵晓慧0,2.2万
中憬私人订制现场雕刻,2.2万
喔唷童夕,2.2万
xyG丶177xl,2.2万
锦官老男孩,2.2万
渝万丶猫爷,2.2万
机车少女YASA酱,2.2万
挽词丶清风,2.2万
karanlip,2.2万
花一道y,2.2万
U酱爱吃糯米糕,2.2万
渝万丶心态mx,2.1万
小狐狸4481,2.1万
肉包子哼,2.1万
渝万小狐媚,2.1万
三鸽丶,2.1万
陶可可coco,2.1万
替心心,2.1万
DD多多儿,2.1万
寒一洋,2.1万
渝万丶林蛋蛋,2.1万
纳尼亚王子英雄无敌,2.1万
乔伊7Joye,2.1万
谁人不知二十一,2.1万
多米丶卓卓o,2.1万
请与逗比同归于尽丶,2.1万
爱自闭的青衫,2.1万
4400小虎,2.1万
等风爱吃饼,2.1万
宝贝薇阿,2.1万
麻小凡小pong友,2.1万
追忆曾经de梦,2.1万
大包OUO,2.1万
BN丶刘彤小朋友,2.1万
一枚花小雨,2.1万
萌彪小老师,2.1万
FeiYu丶小天很强的,2.1万
佩奇PePPa丶,2.1万
最美皮皮陌,2.1万
一只傻茹呀,2.1万
凝黛子,2.1万
一漉baby,2.1万
矜持的男孩子,2.1万
雯妹妹mmm,2.1万
渝万丶兔儿妹妹,2.1万
汉宫故事,2.1万
甘肝肝兴8,2.1万
清酒酒,2.1万
XYG牛大富,2.1万
主播迷糊,2.1万
污妖王丶荼荼,2.1万
九栀姑娘i,2.1万
月无痕丶3hyc,2.1万
十年de糖果,2.1万
奈斯Ahri,2.1万
D7G老九,2.1万
rubytaobao,2.1万
BN丶陈梓,2.1万
兰兮兰兮奈若何,2.1万
Sakula醒醒,2万
GS丶芤明,2万
开心的长乐,2万
歆久久啊,2万
湖北资讯广播,2万
白色羽毛zzzZ,2万
一只珊瑚,2万
巫妖王丶木木,2万
QL羽七,2万
真皮丶暮云c,2万
清晨Ccc丶,2万
Sylvia维乐,2万
D7G单调大胖子,2万
欧气Sai,2万
懂我丶言,2万
Ace丶老李,2万
Akira小偏执,2万
萌小鬼,2万
我叫怡宝有点甜,2万
我是阿呆呆阿,2万
燃烧的熊某,2万
小草666丶,2万
李彤彤呀呀,2万
会脸红的山人,2万
YME芸妹儿,2万
徐暖徐暖,2万
GS丶红楼,2万
千紫16,2万
古手梨花x,2万
渝万丶吹得神,2万
汉宫11阿,2万
滚石丶帝晨,2万
ArqiuEVE,2万
弄玉MM,2万
成都丶丁长久,2万
呆默默777,2万
一休哥穿名堂,2万
花豹87,2万
w段Gody,1.9万
狗王李天王,1.9万
逍遥倪家大萌,1.9万
蜜啦拉,1.9万
叫我洁三岁啊,1.9万
社会我阿苦,1.9万
搞艺术的二牛,1.9万
污妖王丶阿柴,1.9万
地风升丶尾巴,1.9万
假的短短qwq,1.9万
七煌教授,1.9万
恶霸提莫,1.9万
苏恩惠小姐姐,1.9万
铁蛋解说,1.9万
Pe鹿丢丢小朋友,1.9万
渝万丶白虎Aimo,1.9万
港茶哥哥,1.9万
钊叁,1.9万
小流吖,1.9万
饼哥azz,1.9万
虚舞不太piao,1.9万
乌里乖乖,1.9万
星予丶王斯哒,1.9万
BN丶文生,1.9万
GS丶昆神酱1307763,1.9万
西湖丶许仙,1.9万
铁叔2z,1.9万
美洋princess,1.9万
PE丶阿婧,1.9万
汉宫九阳,1.9万
温柔善良的雪雪,1.9万
黎明户外,1.9万
荒岛金万利,1.9万
头圆圆本人,1.9万
FeiYu丶暗黑,1.9万
白菜讲故事,1.9万
可爱到炸的叶依,1.9万
绯世XX,1.9万
小小狐狸精sprite,1.8万
飞雪艾克LOVE,1.8万
我是以秀呀,1.8万
粉秀丶女王大人呀,1.8万
西双版纳黄金荣,1.8万
扶君夺天下,1.8万
炮Boss,1.8万
哈蒙德大人,1.8万
小包小包i,1.8万
不甜妹妹阿,1.8万
米yami,1.8万
潘老公丶,1.8万
DNF豆姐,1.8万
华哥传媒丶小桂,1.8万
七公子Lara,1.8万
crash199007,1.8万
网神papapa,1.8万
PE丶郭帅Gzh,1.8万
逍遥丶林乔,1.8万
花夕颜a,1.8万
飞翔的小磊,1.8万
职业选手丶官人,1.8万
FeiYu丶八爷,1.8万
老戏骨葡萄锅,1.8万
渝万南瓜,1.8万
渝万丶视觉强哥,1.8万
渝万丶灵魂Ghost,1.8万
v沫轩,1.8万
首席大开花,1.8万
是胡萝萝萝卜呀,1.8万
华哥传媒丶男神,1.8万
GS丶唐僧借我一张嘴,1.8万
PE小泽野,1.8万
Soledad丶小暮城,1.8万
风之子hhhhyyk,1.8万
闪现鲲,1.8万
W疯狂的菜鸟W,1.8万
carry电竞俱乐部,1.8万
易白白白白白,1.8万
诽煺,1.8万
杜杜大兔子,1.7万
子叶y,1.7万
战神季箐,1.7万
渝万丶阳顶天,1.7万
唱的还行的奶狗池,1.7万
八零后户外,1.7万
DK皇锋,1.7万
嘎嘎馨,1.7万
摩卡加冰丶,1.7万
苹果Zei甜,1.7万
小仙女janice,1.7万
三枪一疗程,1.7万
逗比小软妹,1.7万
伯乐ck,1.7万
独家首战首区,1.7万
EdZ泽煌,1.7万
右拐少女的小冷君,1.7万
久游丶子俊,1.7万
PE黑力力,1.7万
清L酒,1.7万
撩元芳,1.7万
草原霓裳醉,1.7万
养狗的流年,1.7万
